City_ID,City,Country,Lat,Lng,Max Temp,Humidity,Cloudiness,Wind Speed,Current Description
0,lebu,CL,-37.6167,-73.65,48.16,91,100,8.77,overcast clouds
1,ulaanbaatar,MN,47.9077,106.8832,50.13,71,0,0.0,clear sky
2,carnarvon,AU,-24.8667,113.6333,64.35,70,16,14.9,few clouds
3,tamasane,BW,-22.4184,27.4013,50.07,61,0,4.25,clear sky
4,abu kamal,SY,34.4506,40.9171,79.25,38,10,15.21,clear sky
5,dikson,RU,73.5069,80.5464,29.97,94,100,17.65,overcast clouds
6,praia da vitoria,PT,38.7333,-27.0667,61.75,88,75,18.16,broken clouds
7,prince rupert,CA,54.3161,-130.3201,57.29,79,75,8.05,broken clouds
8,mar del plata,AR,-38.0023,-57.5575,52.95,62,0,1.01,clear sky
9,roebourne,AU,-20.7833,117.1333,73.58,50,45,10.49,scattered clouds
10,luderitz,NA,-26.6481,15.1594,59.38,59,21,6.2,few clouds
11,jamestown,US,42.097,-79.2353,72.05,44,97,1.01,overcast clouds
12,vanimo,PG,-2.6741,141.3028,81.12,82,28,6.76,scattered clouds
13,mahebourg,MU,-20.4081,57.7,70.25,94,75,20.71,broken clouds
14,kavaratti,IN,10.5669,72.642,83.01,73,100,18.57,light rain
15,chokurdakh,RU,70.6333,147.9167,62.44,22,9,13.11,clear sky
16,port alfred,ZA,-33.5906,26.891,77.18,28,100,8.01,overcast clouds
17,kaitangata,NZ,-46.2817,169.8464,45.75,89,68,23.17,light rain
18,marawi,PH,7.9986,124.2928,75.54,80,87,0.87,overcast clouds
19,bethel,US,41.3712,-73.414,70.36,87,98,1.99,overcast clouds
20,tasiilaq,GL,65.6145,-37.6368,37.56,99,100,5.35,light rain
21,strezhevoy,RU,60.7333,77.5889,57.9,88,14,5.68,few clouds
22,hobart,AU,-42.8794,147.3294,46.06,78,20,4.61,few clouds
23,hermanus,ZA,-34.4187,19.2345,64.8,79,100,16.84,light rain
24,tsaratanana,MG,-16.7833,47.65,61.23,75,20,11.45,few clouds
25,karratha,AU,-20.7377,116.8463,73.71,57,43,9.86,scattered clouds
26,bredasdorp,ZA,-34.5322,20.0403,61.65,60,100,11.05,overcast clouds
27,christchurch,NZ,-43.5333,172.6333,48.9,74,100,3.44,light rain
28,mataura,NZ,-46.1927,168.8643,45.48,95,83,14.09,light rain
29,avarua,CK,-21.2078,-159.775,78.85,69,75,13.8,broken clouds
30,tautira,PF,-17.7333,-149.15,78.13,68,46,19.04,scattered clouds
31,fier,AL,40.7239,19.5561,70.02,66,41,6.98,scattered clouds
32,constitucion,CL,-35.3333,-72.4167,49.51,90,99,1.92,overcast clouds
33,guerrero negro,MX,27.9769,-114.0611,72.68,62,22,16.91,few clouds
34,helong,CN,42.5397,128.9972,59.2,97,100,4.05,light rain
35,cabedelo,BR,-6.9811,-34.8339,75.87,81,8,8.84,clear sky
36,ballina,AU,-28.8667,153.5667,59.02,63,94,7.61,overcast clouds
37,busselton,AU,-33.65,115.3333,59.4,73,100,19.93,overcast clouds
38,dubrovnik,HR,42.6481,18.0922,78.44,44,0,14.97,clear sky
39,ulladulla,AU,-35.35,150.4667,53.33,57,3,2.39,clear sky
40,kodiak,US,57.79,-152.4072,63.91,55,0,9.22,smoke
41,bambous virieux,MU,-20.3428,57.7575,70.21,94,75,20.71,light rain
42,jalu,LY,29.0331,21.5482,72.86,59,0,11.05,clear sky
43,new norfolk,AU,-42.7826,147.0587,45.72,85,66,1.99,broken clouds
44,santarem,BR,-2.4431,-54.7083,77.13,100,0,3.44,clear sky
45,lagoa,PT,39.05,-27.9833,61.92,79,22,24.02,few clouds
46,hilo,US,19.7297,-155.09,93.27,87,100,3.44,moderate rain
47,barra do bugres,BR,-15.0725,-57.1811,60.3,71,49,3.2,scattered clouds
48,barrow,US,71.2906,-156.7887,28.42,93,100,5.75,overcast clouds
49,nuuk,GL,64.1835,-51.7216,34.29,73,100,15.52,overcast clouds
50,along,IN,28.1667,94.7667,71.67,99,100,0.56,overcast clouds
51,dakar,SN,14.6937,-17.4441,77.88,87,49,13.4,scattered clouds
52,staroutkinsk,RU,57.2302,59.3348,47.97,98,100,3.91,overcast clouds
53,punta arenas,CL,-53.15,-70.9167,46.51,81,100,8.05,overcast clouds
54,perth,AU,-31.9333,115.8333,61.66,71,40,16.11,scattered clouds
55,wanning,CN,18.8003,110.3967,83.39,86,99,12.82,overcast clouds
56,ganzhou,CN,28.8184,115.4327,69.28,96,100,1.9,overcast clouds
57,aguililla,MX,18.7333,-102.7333,79.54,59,78,7.07,broken clouds
58,katsuura,JP,35.1333,140.3,70.09,61,100,5.75,overcast clouds
59,agirish,RU,61.9247,63.0231,48.76,68,97,10.25,overcast clouds
60,bluff,NZ,-46.6,168.3333,45.81,76,99,32.5,overcast clouds
61,tuatapere,NZ,-46.1333,167.6833,46.36,84,100,20.6,overcast clouds
62,severo-kurilsk,RU,50.6789,156.125,45.27,85,39,9.01,scattered clouds
63,yankton,US,42.8711,-97.3973,89.85,43,0,13.8,clear sky
64,hithadhoo,MV,-0.6,73.0833,83.62,72,100,8.01,overcast clouds
65,manado,ID,1.487,124.8455,81.37,83,40,2.3,scattered clouds
66,kachkanar,RU,58.7,59.4948,49.44,95,100,3.98,overcast clouds
67,atuona,PF,-9.8,-139.0333,77.88,66,75,16.84,broken clouds
68,kapaa,US,22.0752,-159.319,85.98,75,40,17.27,scattered clouds
69,port hardy,CA,50.6996,-127.4199,55.58,67,75,13.8,broken clouds
70,albany,US,42.6001,-73.9662,68.92,78,97,1.99,overcast clouds
71,zaoyang,CN,32.1272,112.7542,75.13,67,96,5.99,overcast clouds
72,ushuaia,AR,-54.8,-68.3,42.46,93,75,12.66,mist
73,georgetown,MY,5.4112,100.3354,76.95,99,20,2.3,few clouds
74,shitanjing,CN,39.2342,106.3439,69.98,18,1,8.55,clear sky
75,vaini,TO,-21.2,-175.2,80.76,89,40,9.22,scattered clouds
76,pagudpud,PH,18.5616,120.7868,84.67,76,86,4.79,overcast clouds
77,wajima,JP,37.4,136.9,65.08,77,75,6.91,broken clouds
78,lompoc,US,34.6391,-120.4579,87.69,70,0,16.11,clear sky
79,east london,ZA,-33.0153,27.9116,75.72,30,100,10.71,overcast clouds
80,inhambane,MZ,-23.865,35.3833,66.47,85,1,2.86,clear sky
81,sibulan,PH,9.3584,123.285,82.94,76,88,4.59,overcast clouds
82,tecoanapa,MX,16.5167,-98.75,83.21,71,19,8.95,few clouds
83,saint-philippe,RE,-21.3585,55.7679,69.39,88,83,13.35,light rain
84,san patricio,US,28.017,-97.5169,95.72,57,42,20.4,scattered clouds
85,kangasala,FI,61.4638,24.076,55.33,77,65,8.41,broken clouds
86,dudinka,RU,69.4058,86.1778,61.63,45,97,8.19,overcast clouds
87,chapais,CA,49.7834,-74.8492,56.98,98,98,4.25,overcast clouds
88,port elizabeth,ZA,-33.918,25.5701,72.32,33,0,4.61,clear sky
89,rikitea,PF,-23.1203,-134.9692,73.31,71,47,10.36,scattered clouds
90,itoman,JP,26.1247,127.6694,82.78,100,75,17.27,broken clouds
91,port keats,AU,-14.25,129.55,71.53,23,4,14.16,clear sky
92,arraial do cabo,BR,-22.9661,-42.0278,67.93,63,100,22.3,overcast clouds
93,puerto ayora,EC,-0.7393,-90.3518,76.96,93,52,8.99,broken clouds
94,huarmey,PE,-10.0681,-78.1522,64.81,81,12,11.12,few clouds
95,takapau,NZ,-40.0333,176.35,46.89,76,46,16.2,scattered clouds
96,carutapera,BR,-1.195,-46.02,75.61,86,54,5.5,broken clouds
97,miraflores,MX,19.2167,-98.8083,75.96,55,91,1.28,overcast clouds
98,lisakovsk,KZ,52.5369,62.4936,53.04,92,20,9.01,light rain
99,iqaluit,CA,63.7506,-68.5145,42.53,60,100,15.01,overcast clouds
100,saint george,US,37.1041,-113.5841,105.64,5,0,27.63,haze
101,paamiut,GL,61.994,-49.6678,35.6,79,83,24.52,broken clouds
102,birao,CF,10.2849,22.7882,74.35,81,100,3.65,overcast clouds
103,salalah,OM,17.0151,54.0924,86.09,84,75,3.44,broken clouds
104,faanui,PF,-16.4833,-151.75,79.72,75,48,23.35,scattered clouds
105,vestmannaeyjar,IS,63.4427,-20.2734,46.72,91,100,13.09,overcast clouds
106,shelburne,CA,44.0787,-80.2041,61.23,78,98,6.44,overcast clouds
107,kruisfontein,ZA,-34.0033,24.7314,64.81,44,100,3.91,overcast clouds
108,nenjiang,CN,49.1833,125.2167,62.94,91,100,12.46,overcast clouds
109,amuntai,ID,-2.4177,115.2494,76.01,92,100,1.45,overcast clouds
110,victoria,HK,22.2855,114.1577,85.96,85,100,11.01,overcast clouds
111,narasannapeta,IN,18.4167,84.05,82.15,71,79,4.85,broken clouds
112,hami,CN,42.8,93.45,82.47,9,0,10.42,clear sky
113,irara,BR,-12.05,-38.7667,68.34,96,7,5.66,clear sky
114,dingle,PH,10.9995,122.6711,82.78,78,74,3.31,broken clouds
115,upernavik,GL,72.7868,-56.1549,30.0,76,89,7.11,overcast clouds
116,tiksi,RU,71.6872,128.8694,44.37,70,50,4.72,scattered clouds
117,yellowknife,CA,62.456,-114.3525,68.52,45,75,8.05,broken clouds
118,ponta do sol,PT,32.6667,-17.1,69.71,81,6,1.43,clear sky
119,rey bouba,CM,8.6724,14.1786,76.57,78,84,3.94,broken clouds
120,camacha,PT,33.0833,-16.3333,63.82,77,40,8.05,scattered clouds
121,palana,RU,59.1167,159.9667,38.95,94,100,7.38,light rain
122,balagunan,PH,7.4922,125.5211,79.56,82,74,3.38,broken clouds
123,puerto del rosario,ES,28.5004,-13.8627,71.35,78,75,13.8,broken clouds
124,luoyang,CN,34.6836,112.4536,79.5,45,19,7.85,few clouds
125,mount gambier,AU,-37.8333,140.7667,53.85,71,97,0.74,overcast clouds
126,buraydah,SA,26.326,43.975,88.25,11,0,7.52,clear sky
127,dunmore town,BS,25.5,-76.65,81.81,80,33,10.83,scattered clouds
128,vila velha,BR,-20.3297,-40.2925,69.75,91,100,6.91,overcast clouds
129,cape town,ZA,-33.9258,18.4232,61.21,85,75,21.85,light rain
130,raudeberg,NO,61.9875,5.1352,49.96,91,100,19.71,overcast clouds
131,kavieng,PG,-2.5744,150.7967,83.01,75,83,13.27,light rain
132,bengkulu,ID,-3.8004,102.2655,76.33,83,100,4.12,overcast clouds
133,pevek,RU,69.7008,170.3133,38.62,64,70,8.95,broken clouds
134,rio gallegos,AR,-51.6226,-69.2181,46.45,71,0,2.3,clear sky
135,cozumel,MX,20.5083,-86.9458,84.94,78,75,8.99,broken clouds
136,adeje,ES,28.1227,-16.726,72.01,82,75,5.75,broken clouds
137,tulsipur,NP,28.131,82.2973,78.62,52,4,4.65,clear sky
138,fort nelson,CA,58.8053,-122.7002,69.39,23,40,6.91,scattered clouds
139,palmer,US,42.1584,-72.3287,70.41,75,100,5.75,overcast clouds
140,buin,CL,-33.7333,-70.75,62.74,52,5,1.01,clear sky
141,caravelas,BR,-17.7125,-39.2481,72.5,90,97,4.65,overcast clouds
142,klaksvik,FO,62.2266,-6.589,47.32,96,96,14.27,overcast clouds
143,marsh harbour,BS,26.5412,-77.0636,81.91,80,87,10.16,overcast clouds
144,cockburn town,TC,21.4612,-71.1419,82.36,74,40,14.97,scattered clouds
145,penzance,GB,50.1186,-5.5371,52.48,79,4,16.2,clear sky
146,noyabrsk,RU,63.1994,75.4507,59.0,86,99,3.22,overcast clouds
147,perg,AT,48.25,14.6333,62.74,86,6,2.59,clear sky
148,liboro,PH,13.8245,122.7295,82.85,80,100,2.3,overcast clouds
149,tuktoyaktuk,CA,69.4541,-133.0374,33.8,93,100,9.22,mist
150,penhold,CA,52.1334,-113.8687,62.4,59,0,11.5,clear sky
151,saint-joseph,RE,-21.3667,55.6167,68.38,86,53,14.38,light rain
152,korla,CN,41.7597,86.1469,82.04,13,16,9.28,few clouds
153,kampong thum,KH,12.7111,104.8887,78.8,88,100,4.29,overcast clouds
154,muros,ES,42.7762,-9.0603,68.16,73,50,14.23,scattered clouds
155,saryg-sep,RU,51.5,95.6,66.33,43,88,1.68,overcast clouds
156,tapes,BR,-30.6733,-51.3958,50.14,82,32,8.95,scattered clouds
157,fortuna,US,40.5982,-124.1573,60.98,80,75,18.41,broken clouds
158,masterton,NZ,-40.9597,175.6575,55.89,74,38,23.62,light rain
159,ilo,PE,-17.6394,-71.3375,60.37,84,3,3.38,clear sky
160,halifax,CA,44.6453,-63.5724,71.49,68,94,11.5,overcast clouds
161,nikolskoye,RU,59.7035,30.7861,57.09,94,89,2.68,overcast clouds
162,itarema,BR,-2.9248,-39.9167,76.68,83,39,8.79,scattered clouds
163,herat,AF,34.5,62.0,69.49,40,0,7.14,clear sky
164,haines junction,CA,60.7522,-137.5108,62.55,36,100,6.91,overcast clouds
165,lata,PT,40.1629,-8.3327,67.08,75,1,1.72,clear sky
166,chuy,UY,-33.6971,-53.4616,47.21,93,2,6.6,clear sky
167,bereznik,RU,62.8551,42.7072,50.23,70,73,6.22,broken clouds
168,torbay,CA,47.6666,-52.7314,65.17,68,20,10.36,few clouds
169,mehran,IR,33.1222,46.1646,90.84,14,0,7.11,clear sky
170,walvis bay,NA,-22.9575,14.5053,61.09,58,0,3.44,clear sky
171,yarim,YE,14.298,44.3779,62.15,45,100,1.74,overcast clouds
172,okha,RU,53.5739,142.9478,61.93,59,47,10.45,scattered clouds
173,gunjur,GM,13.2019,-16.7339,78.87,83,40,6.91,scattered clouds
174,hamilton,US,39.1834,-84.5333,83.25,73,0,9.22,clear sky
175,belmonte,BR,-15.8631,-38.8828,73.81,81,77,5.23,broken clouds
176,komsomolskiy,UZ,40.4272,71.7189,70.52,56,52,4.61,broken clouds
177,bathsheba,BB,13.2167,-59.5167,83.01,78,40,23.02,scattered clouds
178,olafsvik,IS,64.8945,-23.7142,47.35,82,100,7.45,moderate rain
179,washington,US,47.5001,-120.5015,60.93,62,100,6.49,overcast clouds
180,butaritari,KI,3.0707,172.7902,82.56,67,14,14.41,few clouds
181,naze,JP,28.3667,129.4833,72.52,91,100,21.99,overcast clouds
182,skelleftea,SE,64.7507,20.9528,50.36,67,78,3.44,broken clouds
183,la palma,US,33.8464,-118.0467,93.92,65,0,12.66,clear sky
184,gat,IL,31.61,34.7642,74.08,100,43,10.36,scattered clouds
185,qaanaaq,GL,77.484,-69.3632,28.81,73,6,7.78,clear sky
186,clyde river,CA,70.4692,-68.5914,37.63,65,100,5.75,overcast clouds
187,golfito,CR,8.639,-83.166,72.73,96,100,3.29,overcast clouds
188,vrede,ZA,-27.4257,29.1659,39.81,51,1,3.06,clear sky
189,kirishi,RU,59.4471,32.0205,53.29,95,98,2.86,overcast clouds
190,leeton,AU,-34.5667,146.4,46.89,100,100,1.14,overcast clouds
191,beringovskiy,RU,63.05,179.3167,44.02,53,70,2.98,broken clouds
192,airai,TL,-8.9266,125.4092,62.73,68,92,3.71,overcast clouds
193,nandu,CN,22.8525,110.8233,79.48,94,100,2.98,overcast clouds
194,acapulco,MX,16.8634,-99.8901,85.82,70,75,8.05,smoke
195,grand-santi,GF,4.25,-54.3833,72.54,99,46,2.35,moderate rain
196,libertador general san martin,AR,-23.8064,-64.7876,50.97,75,0,3.36,clear sky
197,alyangula,AU,-13.8483,136.4192,76.48,56,37,16.11,scattered clouds
198,vila franca do campo,PT,37.7167,-25.4333,64.2,86,41,4.14,scattered clouds
199,port-gentil,GA,-0.7193,8.7815,76.96,94,40,3.44,scattered clouds
200,nouadhibou,MR,20.931,-17.0347,67.98,88,0,20.71,clear sky
201,beyneu,KZ,45.3167,55.2,74.59,39,15,4.79,few clouds
202,saskylakh,RU,71.9167,114.0833,65.39,38,8,7.45,clear sky
203,kahului,US,20.8947,-156.47,84.97,72,40,25.32,scattered clouds
204,opuwo,NA,-18.0607,13.84,54.61,55,0,2.53,clear sky
205,isangel,VU,-19.55,169.2667,84.31,84,75,4.61,broken clouds
206,progreso,MX,21.2833,-89.6667,84.11,82,54,15.08,broken clouds
207,borba,BR,-4.3878,-59.5939,71.67,99,91,1.99,heavy intensity rain
208,udachnyy,RU,66.4167,112.4,63.23,35,29,13.35,scattered clouds
209,sitka,US,57.0531,-135.33,51.69,76,100,4.61,overcast clouds
210,hrodna,BY,53.6884,23.8258,56.41,83,83,1.12,broken clouds
211,mahibadhoo,MV,3.7833,72.9667,83.16,73,100,7.78,overcast clouds
212,yerbogachen,RU,61.2767,108.0108,59.18,53,100,4.07,overcast clouds
213,avera,US,33.194,-82.5271,91.45,50,79,5.99,broken clouds
214,high level,CA,58.5169,-117.136,69.91,28,40,4.61,scattered clouds
215,faya,SA,18.3851,42.4509,68.52,20,2,1.83,clear sky
216,pandan,PH,14.0453,124.1694,84.85,73,83,5.7,broken clouds
217,longyearbyen,SJ,78.2186,15.6401,39.04,87,100,3.44,overcast clouds
218,tonder,DK,54.9331,8.8667,55.96,78,37,10.13,scattered clouds
219,sola,VU,-13.8833,167.55,80.49,78,35,11.34,scattered clouds
220,yavatmal,IN,20.4,78.1333,84.72,56,98,9.66,overcast clouds
221,chicla,PE,-11.705,-76.2686,41.97,77,46,1.59,scattered clouds
222,ilulissat,GL,69.2167,-51.1,33.82,80,100,12.66,overcast clouds
223,shimanovsk,RU,52.0,127.7,68.76,63,100,3.91,overcast clouds
224,kyren,RU,51.6828,102.1408,68.14,47,75,0.92,broken clouds
225,kudahuvadhoo,MV,2.6708,72.8944,83.26,71,100,7.74,overcast clouds
226,maragogi,BR,-9.0122,-35.2225,76.01,85,10,4.76,clear sky
227,codrington,AU,-38.2667,141.9667,54.86,78,99,3.58,overcast clouds
228,san vicente de canete,PE,-13.0751,-76.3835,62.46,85,15,6.53,few clouds
229,ust-kan,RU,50.9276,84.761,57.47,94,89,3.89,light rain
230,san isidro,PE,-12.1167,-77.05,64.02,80,100,12.66,overcast clouds
231,castro,BR,-24.7911,-50.0119,39.97,66,0,3.38,clear sky
232,teknaf,BD,20.8624,92.3058,79.95,89,58,5.17,broken clouds
233,pucallpa,PE,-8.3791,-74.5539,77.04,57,20,3.44,few clouds
234,carnduff,CA,49.1667,-101.8009,75.38,61,87,4.0,overcast clouds
235,ouango,CF,4.3133,22.5552,69.78,99,91,2.66,light rain
236,camden,US,39.7835,-74.9663,76.05,81,69,1.01,broken clouds
237,kimberley,ZA,-28.7323,24.7623,47.89,57,96,8.05,overcast clouds
238,souillac,MU,-20.5167,57.5167,70.18,94,75,20.71,light rain
239,lavrentiya,RU,65.5833,-171.0,40.84,61,99,2.64,overcast clouds
240,huangchuan,CN,32.1272,115.0394,75.69,69,98,5.32,overcast clouds
241,saint pete beach,US,27.7253,-82.7412,86.2,66,20,11.5,few clouds
242,ostrovnoy,RU,68.0531,39.5131,52.7,85,100,8.41,overcast clouds
243,el alto,PE,-4.2714,-81.2147,62.26,85,89,17.2,overcast clouds
244,thompson,CA,55.7435,-97.8558,75.36,35,75,12.66,broken clouds
245,berlevag,NO,70.8578,29.0864,44.55,70,100,27.63,overcast clouds
246,bougouni,ML,11.417,-7.479,81.39,64,73,6.93,broken clouds
247,leningradskiy,RU,69.3833,178.4167,36.03,80,100,11.01,overcast clouds
248,namatanai,PG,-3.6667,152.4333,84.36,65,38,9.46,scattered clouds
249,sorong,ID,-0.8833,131.25,79.95,83,100,7.23,overcast clouds
250,moroni,KM,-11.7022,43.2551,74.75,79,26,9.95,scattered clouds
251,nikolayevsk-na-amure,RU,53.1406,140.73,76.53,36,29,1.25,scattered clouds
252,comodoro rivadavia,AR,-45.8667,-67.5,53.46,30,0,10.36,clear sky
253,fairbanks,US,64.8378,-147.7164,68.09,46,0,3.44,haze
254,orange walk,BZ,17.8333,-88.8333,80.83,76,57,7.25,broken clouds
255,tuy hoa,VN,13.0833,109.3,79.57,80,95,5.68,overcast clouds
256,saldanha,ZA,-33.0117,17.9442,59.29,91,100,15.88,light rain
257,provideniya,RU,64.3833,-173.3,41.05,61,93,2.17,overcast clouds
258,san juan,AR,-31.5375,-68.5364,54.46,40,1,3.29,clear sky
259,camopi,GF,3.1655,-52.3158,72.01,99,50,2.06,scattered clouds
260,zaraza,VE,9.3503,-65.3245,72.95,96,96,6.02,overcast clouds
261,bonita springs,US,26.3398,-81.7787,87.03,70,89,7.16,overcast clouds
262,arona,ES,28.0996,-16.681,67.82,82,75,5.75,broken clouds
263,merauke,ID,-8.4667,140.3333,81.5,78,98,14.29,overcast clouds
264,ucluelet,CA,48.9329,-125.5528,61.09,79,23,3.0,few clouds
265,sambava,MG,-14.2667,50.1667,68.95,82,2,9.93,clear sky
266,utevka,RU,52.9035,50.9495,48.31,91,26,5.5,scattered clouds
267,agua dulce,MX,18.1333,-94.1333,80.38,73,52,8.55,broken clouds
268,bellavista,PE,-7.0561,-76.5911,69.04,76,44,0.76,scattered clouds
269,khatanga,RU,71.9667,102.5,63.61,38,100,11.59,overcast clouds
270,yamachiche,CA,46.2668,-72.8324,71.65,75,100,11.5,overcast clouds
271,aksarka,RU,66.5606,67.7975,40.35,77,100,25.05,overcast clouds
272,otane,NZ,-39.8833,176.6333,53.01,66,36,15.7,scattered clouds
273,balkhash,KZ,46.844,74.9804,70.2,50,100,7.52,overcast clouds
274,sao filipe,CV,14.8961,-24.4956,73.26,85,8,1.48,clear sky
275,esperance,AU,-33.8667,121.9,57.99,65,16,31.34,few clouds
276,horsham,GB,51.064,-0.3272,57.25,78,0,6.91,clear sky
277,picota,PE,-6.9197,-76.3304,75.69,75,41,2.89,scattered clouds
278,sulya,IN,12.5667,75.3833,73.81,94,97,1.86,overcast clouds
279,lorengau,PG,-2.0226,147.2712,83.71,73,68,10.89,broken clouds
280,mata,PT,40.683,-7.4592,72.61,66,0,2.91,clear sky
281,axim,GH,4.8699,-2.2405,76.68,80,90,5.95,overcast clouds
282,bubaque,GW,11.2833,-15.8333,80.71,80,78,10.49,broken clouds
283,carauari,BR,-4.8828,-66.8958,69.01,85,100,2.13,overcast clouds
284,terrace,CA,54.5163,-128.6035,58.91,58,75,9.22,light intensity shower rain
285,hasaki,JP,35.7333,140.8333,68.4,58,95,7.87,overcast clouds
286,borogontsy,RU,62.6683,131.1683,58.89,60,11,7.14,few clouds
287,guilin,CN,25.2819,110.2864,73.51,99,100,2.66,moderate rain
288,geraldton,AU,-28.7667,114.6,55.81,82,72,2.3,broken clouds
289,cherskiy,RU,68.75,161.3,67.69,30,29,1.05,scattered clouds
290,thunder bay,CA,48.4001,-89.3168,64.38,48,75,10.36,broken clouds
291,itaberai,BR,-16.0203,-49.8103,67.57,60,100,6.82,overcast clouds
292,vardo,NO,70.3705,31.1107,44.58,70,68,10.36,broken clouds
293,pingzhuang,CN,42.0372,119.2889,67.75,56,92,8.12,overcast clouds
294,yar-sale,RU,66.8333,70.8333,43.57,79,100,23.8,overcast clouds
295,wasilla,US,61.5814,-149.4394,69.3,49,0,9.22,smoke
296,lar,IN,26.2039,83.9717,87.04,66,24,10.69,few clouds
297,vostok,RU,46.4856,135.8833,66.67,43,6,1.39,clear sky
298,tolmin,SI,46.183,13.7332,67.89,74,31,4.16,scattered clouds
299,vanavara,RU,60.34,102.2797,62.67,53,98,5.32,overcast clouds
300,purranque,CL,-40.9167,-73.1667,47.53,86,100,5.64,overcast clouds
301,ambilobe,MG,-13.2,49.05,66.16,86,24,3.44,few clouds
302,xiaoweizhai,CN,26.1903,107.5125,67.46,98,100,3.56,overcast clouds
303,raga,SS,8.4596,25.678,69.85,91,70,3.89,light rain
304,kutum,SD,14.2,24.6667,77.23,45,82,3.76,broken clouds
305,tabory,RU,58.5198,64.5495,50.79,97,100,7.02,overcast clouds
306,teya,RU,60.3778,92.6267,63.73,80,81,3.69,broken clouds
307,bukachacha,RU,52.9833,116.9167,60.55,78,100,3.11,light rain
308,bandrele,YT,-12.9067,45.1914,76.75,83,0,8.05,clear sky
309,kuching,MY,1.55,110.3333,77.22,94,40,5.01,scattered clouds
310,beloha,MG,-25.1667,45.05,60.37,74,0,8.63,clear sky
311,porbandar,IN,21.6422,69.6093,83.46,73,59,4.45,broken clouds
312,yaan,NG,7.3833,8.5667,73.47,91,89,4.38,overcast clouds
313,winneba,GH,5.3511,-0.6231,75.87,84,49,7.16,scattered clouds
314,nkan,GA,0.3833,9.7833,73.99,94,100,0.54,light rain
315,petropavlovsk-kamchatskiy,RU,53.0452,158.6483,61.39,36,0,8.95,clear sky
316,te anau,NZ,-45.4167,167.7167,36.93,99,98,1.39,light rain
317,norman wells,CA,65.282,-126.8329,41.04,93,100,10.36,light intensity shower rain
318,palmas,BR,-10.2128,-48.3603,80.47,74,0,4.61,clear sky
319,demba,CD,-5.51,22.2667,72.45,54,84,1.23,broken clouds
320,olinda,BR,-8.0089,-34.8553,78.53,83,20,6.91,few clouds
321,alindao,CF,5.0267,21.2088,68.94,99,100,2.57,light rain
322,mayo,US,38.8876,-76.5119,80.71,78,0,11.5,clear sky
323,xai-xai,MZ,-25.0519,33.6442,60.58,93,0,7.45,clear sky
324,bow island,CA,49.8668,-111.3684,76.62,29,59,5.75,broken clouds
325,timra,SE,62.487,17.3257,51.48,93,40,3.44,scattered clouds
326,sarangani,PH,5.4033,125.4636,82.63,76,100,12.84,light rain
327,ahipara,NZ,-35.1667,173.1667,57.96,68,75,25.9,broken clouds
328,porto santo,PT,33.072,-16.3415,66.58,72,40,6.91,scattered clouds
329,abnub,EG,27.2696,31.1511,82.62,32,0,9.57,clear sky
330,pangnirtung,CA,66.1451,-65.7125,31.39,92,93,0.65,overcast clouds
331,virginia beach,US,36.8529,-75.978,81.05,79,40,8.05,scattered clouds
332,los llanos de aridane,ES,28.6585,-17.9182,66.13,93,75,10.36,broken clouds
333,ilhabela,BR,-23.7781,-45.3581,59.85,65,100,6.33,overcast clouds
334,panaba,MX,21.2833,-88.2667,87.69,49,32,12.93,scattered clouds
335,ribeira grande,PT,38.5167,-28.7,62.8,77,14,22.95,few clouds
336,bennington,US,42.8781,-73.1968,68.61,79,93,5.03,overcast clouds
337,iskateley,RU,67.6803,53.1512,46.13,57,76,7.58,broken clouds
338,alta floresta,BR,-9.8756,-56.0861,77.38,60,100,4.21,overcast clouds
339,saint anthony,US,45.0205,-93.218,80.76,67,40,13.8,scattered clouds
340,kingman,US,35.1894,-114.053,104.18,2,0,32.21,clear sky
341,urrao,CO,6.3152,-76.1342,58.53,98,93,1.52,overcast clouds
342,sabang,ID,5.8933,95.3214,82.38,70,98,3.74,overcast clouds
343,nanortalik,GL,60.1432,-45.2371,37.24,93,100,11.52,overcast clouds
344,dunedin,NZ,-45.8742,170.5036,48.79,57,47,15.99,scattered clouds
345,kerugoya,KE,-0.4989,37.2803,58.8,93,100,2.19,overcast clouds
346,ivaipora,BR,-24.2478,-51.6847,44.15,81,0,4.7,clear sky
347,kununurra,AU,-15.7667,128.7333,66.18,34,40,6.91,scattered clouds
348,sharanga,RU,57.1775,46.5396,45.23,87,12,4.18,few clouds
349,geneva,US,41.8875,-88.3054,73.85,67,0,14.97,clear sky
350,ancud,CL,-41.8697,-73.8203,51.22,85,100,15.21,light rain
351,tura,IN,25.5198,90.2201,74.28,98,95,7.56,heavy intensity rain
352,bossier city,US,32.516,-93.7321,97.95,55,0,12.66,clear sky
353,roswell,US,34.0232,-84.3616,90.34,58,0,10.36,clear sky
354,kirakira,SB,-10.4544,161.9205,84.43,69,34,7.63,scattered clouds
355,aksu,CN,41.1231,80.2644,79.03,17,92,6.49,overcast clouds
356,thaton,MM,16.9206,97.3714,77.4,90,97,3.31,overcast clouds
357,luau,AO,-10.7073,22.2247,59.27,55,2,6.06,clear sky
358,waipawa,NZ,-41.4122,175.5153,50.29,67,10,29.91,clear sky
359,ishigaki,JP,24.3448,124.1572,84.33,94,75,14.97,broken clouds
360,kloulklubed,PW,7.0419,134.2556,77.5,73,97,12.41,overcast clouds
361,kashan,IR,33.9831,51.4364,85.59,16,0,0.0,clear sky
362,concepcion del oro,MX,24.6333,-101.4167,79.57,18,18,11.74,few clouds
363,qaqortoq,GL,60.7167,-46.0333,38.68,93,98,1.52,overcast clouds
364,buala,SB,-8.145,159.5921,84.51,65,13,6.13,few clouds
365,lhokseumawe,ID,5.1801,97.1507,76.95,82,92,3.87,overcast clouds
366,gondar,ET,12.6,37.4667,61.48,77,51,4.25,broken clouds
367,pisco,PE,-13.7,-76.2167,61.02,88,40,5.75,mist
368,westport,US,41.1415,-73.3579,72.09,88,75,5.75,broken clouds
369,bratsk,RU,56.1325,101.6142,66.69,72,100,3.47,overcast clouds
370,north bend,US,43.4065,-124.2243,59.07,85,100,11.5,overcast clouds
371,aklera,IN,24.4167,76.5667,85.66,62,98,13.04,overcast clouds
372,fujin,CN,47.26,132.0322,69.39,58,100,14.5,overcast clouds
373,batagay-alyta,RU,67.8006,130.4114,64.92,33,98,18.57,overcast clouds
374,san cristobal,VE,7.7669,-72.225,73.58,99,99,4.07,overcast clouds
375,arroyo,ES,41.6096,-4.7969,68.07,76,0,10.36,clear sky
376,bemidji,US,47.4736,-94.8803,72.9,75,40,14.97,scattered clouds
377,karaton,ID,-6.3424,106.1045,74.16,92,100,1.66,overcast clouds
378,rapid valley,US,44.0625,-103.1463,82.44,63,40,14.97,scattered clouds
379,aktash,RU,50.3,87.7333,53.56,70,97,3.06,overcast clouds
380,meulaboh,ID,4.1363,96.1285,75.97,81,100,3.51,overcast clouds
381,dongying,CN,37.4564,118.4856,76.51,55,1,11.65,clear sky
382,savalou,BJ,7.9281,1.9756,74.95,88,85,6.64,overcast clouds
383,aranos,NA,-24.1333,19.1167,54.16,47,2,14.07,clear sky
384,san carlos,VE,9.6612,-68.5827,71.67,99,98,3.71,overcast clouds
385,maiduguri,NG,11.8464,13.1603,86.27,47,37,14.27,scattered clouds
386,verkhoyansk,RU,67.5447,133.385,72.28,27,76,17.22,broken clouds
387,yelizovo,RU,53.1873,158.3805,64.54,36,0,8.95,clear sky
388,kemptville,CA,45.0168,-75.641,73.36,60,44,5.75,scattered clouds
389,bolshoye selo,RU,57.7177,38.9334,47.98,87,3,5.41,clear sky
390,xinmin,CN,41.9908,122.8253,63.91,85,83,10.4,broken clouds
391,ibra,OM,22.6906,58.5334,77.77,68,5,4.41,clear sky
392,portland,US,45.5234,-122.6762,60.46,78,100,12.66,overcast clouds
393,gao,ML,16.6362,1.637,91.33,32,12,3.83,few clouds
394,broome,US,42.2506,-75.833,70.2,83,100,9.22,overcast clouds
395,nemuro,JP,43.3236,145.575,46.36,95,100,18.97,light rain
396,noormarkku,FI,61.5927,21.8685,53.38,82,0,5.75,clear sky
397,conceicao do araguaia,BR,-8.2578,-49.2647,79.5,64,100,3.71,overcast clouds
398,roald,NO,62.5833,6.1333,56.16,87,75,13.8,light rain
399,port blair,IN,11.6667,92.75,77.04,94,75,1.14,mist
400,hervey bay,AU,-25.2986,152.8535,59.02,64,22,13.0,few clouds
401,vikulovo,RU,56.8167,70.6107,53.29,98,77,8.14,broken clouds
402,asosa,ET,10.0667,34.5333,62.53,92,99,2.91,moderate rain
403,dawei,MM,14.0833,98.2,79.0,88,89,2.35,overcast clouds
404,brownsville,US,25.9018,-97.4975,93.2,67,0,20.71,clear sky
405,talnakh,RU,69.4865,88.3972,61.21,40,96,4.03,overcast clouds
406,nabire,ID,-3.3667,135.4833,80.15,83,90,2.93,overcast clouds
407,aden,YE,12.7794,45.0367,87.85,67,49,17.02,scattered clouds
408,tiarei,PF,-17.5333,-149.3333,86.02,69,25,21.16,scattered clouds
409,the pas,CA,53.8251,-101.2541,73.42,53,40,12.66,scattered clouds
410,havre-saint-pierre,CA,50.2334,-63.5986,62.96,55,0,3.44,clear sky
411,kalengwa,ZM,-13.4659,25.0027,50.58,61,4,5.55,clear sky
412,cabo san lucas,MX,22.8909,-109.9124,99.7,32,20,23.02,few clouds
413,takaka,NZ,-40.85,172.8,56.55,78,69,26.53,moderate rain
414,garoua,CM,9.3,13.4,77.34,76,98,4.61,overcast clouds
415,rocha,UY,-34.4833,-54.3333,43.9,93,0,5.59,clear sky
416,saint-pierre,RE,-21.3393,55.4781,72.91,94,75,16.11,mist
417,praia,CV,14.9215,-23.5087,75.74,73,20,8.05,few clouds
418,bako,ET,5.7833,36.5667,63.43,71,46,4.79,scattered clouds
419,narsaq,GL,60.9167,-46.05,48.42,93,99,2.98,overcast clouds
420,ketchikan,US,55.3422,-131.6461,55.87,67,100,11.5,overcast clouds
421,yuxia,CN,34.0615,108.6291,68.61,38,35,4.47,scattered clouds
422,never,FR,46.9896,3.159,65.95,94,47,4.9,scattered clouds
423,sanming,CN,26.2486,117.6186,74.68,99,100,3.89,light rain
424,badarganj,BD,25.674,89.0549,79.5,95,97,10.54,overcast clouds
425,pingyi,CN,35.5006,117.6308,74.79,62,16,7.09,few clouds
426,takab,IR,36.4009,47.1133,61.02,44,1,2.82,clear sky
427,taoudenni,ML,22.6783,-3.9836,94.69,25,41,16.42,scattered clouds
428,mitzic,GA,0.7821,11.549,67.89,98,89,3.47,overcast clouds
429,atambua,ID,-9.1061,124.8925,74.73,66,64,6.15,broken clouds
430,pangody,RU,65.85,74.4859,58.93,75,84,18.86,light rain
431,college,US,64.8569,-147.8028,68.09,46,100,3.44,smoke
432,matadi,CD,-5.8167,13.45,69.73,93,12,2.37,few clouds
433,mananara,MG,-16.1667,49.7667,65.66,85,36,7.61,scattered clouds
434,vila do maio,CV,15.1333,-23.2167,75.99,88,7,9.71,clear sky
435,hinton,CA,53.4001,-117.5857,56.93,73,86,4.25,overcast clouds
436,villa maria,AR,-32.4075,-63.2402,54.82,57,17,12.28,few clouds
437,victoria point,AU,-27.5833,153.3,60.91,67,72,3.0,broken clouds
438,harper,LR,4.375,-7.7169,77.49,80,100,8.68,overcast clouds
439,pandamatenga,BW,-18.5278,25.627,54.68,63,0,4.74,clear sky
440,port lincoln,AU,-34.7333,135.8667,53.94,74,98,11.61,overcast clouds
441,healdsburg,US,38.6105,-122.8692,77.34,51,75,12.66,broken clouds
442,samarai,PG,-10.6167,150.6667,82.83,73,28,9.8,scattered clouds
443,chokwe,MZ,-24.5333,32.9833,59.02,72,0,5.35,clear sky
444,odweyne,SO,9.4092,45.064,74.86,56,73,18.59,broken clouds
445,motala,SE,58.5371,15.0365,51.87,88,19,14.63,few clouds
446,baykit,RU,61.67,96.37,64.36,56,84,0.87,broken clouds
447,half moon bay,US,37.4636,-122.4286,75.11,85,100,18.41,mist
448,lapeer,US,43.0514,-83.3188,76.78,77,75,4.61,broken clouds
449,amazar,RU,53.858,120.875,55.58,98,100,2.95,light rain
450,roma,US,43.2128,-75.4557,67.57,94,100,1.01,overcast clouds
451,santa cruz,BO,-17.8,-63.1667,62.65,45,0,4.61,clear sky
452,boddam,GB,57.4667,-1.7833,48.58,80,18,15.26,few clouds
453,katobu,ID,-4.9408,122.5276,75.81,92,100,0.16,overcast clouds
454,uthal,PK,25.8072,66.6219,82.74,76,36,4.43,scattered clouds
455,rayon,MX,19.1444,-99.5836,66.07,71,68,4.54,broken clouds
456,aykhal,RU,66.0,111.5,60.17,40,21,10.31,few clouds
457,dergachi,RU,51.2328,48.7659,51.58,76,16,7.4,few clouds
458,kabalo,CD,-6.05,26.9167,71.55,57,38,4.85,scattered clouds
459,shetpe,KZ,44.1667,52.1167,72.99,36,71,7.74,broken clouds
460,rafai,CF,4.95,23.9167,67.84,99,90,2.48,overcast clouds
461,whitehorse,CA,60.7161,-135.0538,51.03,93,75,14.97,broken clouds
462,sal rei,CV,16.1833,-22.9167,72.88,87,12,12.64,few clouds
463,batemans bay,AU,-35.7167,150.1833,53.1,56,1,1.52,clear sky
464,kichera,RU,55.9375,110.0997,61.54,48,92,2.37,overcast clouds
465,santa rosa de viterbo,BR,-21.4728,-47.3631,54.57,44,100,1.99,overcast clouds
466,soanierana ivongo,MG,-16.9167,49.5833,65.12,88,54,9.24,broken clouds
467,touros,BR,-5.1989,-35.4608,76.57,83,44,9.28,scattered clouds
468,tarboro,US,35.8968,-77.5358,75.58,94,100,0.0,heavy intensity rain
469,ust-ishim,RU,57.6935,71.1665,53.78,99,79,6.17,broken clouds
470,arlit,NE,18.7369,7.3853,95.63,17,78,7.23,broken clouds
471,mosquera,CO,4.7059,-74.2302,57.29,82,40,6.91,scattered clouds
472,purwodadi,ID,-7.0868,110.9158,77.14,89,100,2.3,overcast clouds
473,sobolevo,RU,54.4299,31.8996,55.69,94,7,6.11,clear sky
474,taguatinga,BR,-12.3857,-46.5711,78.91,42,100,3.2,overcast clouds
475,yen bai,VN,21.7,104.8667,79.81,81,100,1.43,light rain
476,urumqi,CN,43.801,87.6005,81.55,23,0,6.71,clear sky
477,ahtopol,BG,42.1,27.95,67.15,85,89,14.0,overcast clouds
478,jalingo,NG,8.8833,11.3667,75.4,88,95,4.18,overcast clouds
479,northam,GB,51.0333,-4.2167,56.61,83,69,11.23,broken clouds
480,tshikapa,CD,-6.4167,20.8,75.45,43,52,1.92,broken clouds
481,oranjemund,NA,-28.55,16.4333,59.49,58,95,7.67,overcast clouds
482,batticaloa,LK,7.7102,81.6924,80.1,78,100,4.27,overcast clouds
483,santa rosa,PH,14.3122,121.1114,86.11,77,100,4.79,overcast clouds
484,vuktyl,RU,63.8567,57.3094,45.52,48,0,10.27,clear sky
485,yulara,AU,-25.2406,130.9889,54.25,49,0,5.39,clear sky
486,ejido hermosillo,MX,32.5121,-114.9238,113.86,16,0,16.89,clear sky
487,fort-shevchenko,KZ,44.5086,50.263,74.86,54,97,8.32,overcast clouds
488,yurginskoye,RU,56.8189,67.3921,53.19,97,93,8.14,overcast clouds
489,klyuchevskiy,RU,53.5317,119.4519,55.83,90,100,3.8,overcast clouds
490,ambon,ID,-3.6954,128.1814,80.74,15,20,3.44,few clouds
491,gondanglegi,ID,-7.7479,112.0132,77.43,86,96,2.1,overcast clouds
492,kieta,PG,-6.2167,155.6333,84.65,68,26,5.37,light rain
493,santiago,CL,-33.4569,-70.6483,63.28,58,8,10.36,smoke
494,erzin,TR,36.9559,36.2,66.85,89,11,3.4,few clouds
495,magan,ES,39.9683,-3.931,84.29,23,15,11.16,few clouds
496,miyako,JP,39.6367,141.9525,57.97,79,36,11.7,scattered clouds
497,kelowna,CA,49.8831,-119.4857,78.46,22,0,2.3,clear sky
498,bereda,ES,43.2686,-7.5406,62.42,96,100,8.14,overcast clouds
499,cidreira,BR,-30.1811,-50.2056,52.02,68,89,15.95,overcast clouds
500,nichinan,JP,31.6,131.3667,67.68,85,100,9.66,light rain
501,neryungri,RU,56.6709,124.6491,51.91,89,100,2.82,moderate rain
502,slave lake,CA,55.2834,-114.769,62.58,55,0,8.05,clear sky
503,punta alta,AR,-38.8759,-62.0736,52.57,56,97,7.83,overcast clouds
504,panjab,AF,34.388,67.0233,50.54,72,0,2.91,clear sky
505,udimskiy,RU,61.1417,45.9144,44.91,72,37,3.44,scattered clouds
506,valdez,EC,1.2492,-78.9831,78.15,82,66,10.22,broken clouds
507,soure,BR,-0.7167,-48.5233,79.21,80,11,8.59,few clouds
508,forio,IT,40.7342,13.8646,74.52,66,0,1.99,clear sky
509,najran,SA,17.4924,44.1277,81.25,26,86,6.62,overcast clouds
510,kabo,CF,7.6994,18.629,71.15,96,93,3.15,moderate rain
511,cap malheureux,MU,-19.9842,57.6142,69.48,86,84,10.0,moderate rain
512,sioux lookout,CA,50.1001,-91.917,64.47,55,100,3.44,light rain
513,morgan city,US,29.6994,-91.2068,89.01,79,20,10.36,few clouds
514,rosetta,EG,31.4044,30.4164,72.66,79,0,10.31,clear sky
515,yingkou,CN,40.6648,122.2283,67.82,79,90,13.56,light rain
516,tromso,NO,69.6496,18.957,45.37,81,100,6.91,overcast clouds
517,bom jesus,BR,-9.0744,-44.3586,76.08,71,95,2.19,overcast clouds
518,debre birhan,ET,9.6833,39.5333,54.77,58,12,1.57,few clouds
519,lyuban,BY,52.7985,28.0048,56.32,95,19,7.74,few clouds
520,gashua,NG,12.871,11.0482,89.11,39,72,9.84,broken clouds
521,kurilsk,RU,45.2333,147.8833,49.3,77,100,8.03,overcast clouds
522,port shepstone,ZA,-30.7414,30.455,62.89,48,33,6.62,scattered clouds
523,sinnamary,GF,5.3833,-52.95,78.15,85,7,7.4,clear sky
524,ugoofaaru,MV,5.6667,73.0,83.01,76,100,8.16,overcast clouds
525,marzuq,YE,14.4,46.4667,80.64,19,100,4.59,overcast clouds
526,sao joao da barra,BR,-21.6403,-41.0511,68.38,76,96,15.26,overcast clouds
527,oussouye,SN,12.485,-16.5469,78.4,82,33,10.96,scattered clouds
528,oranjestad,AW,12.524,-70.027,82.35,74,20,25.32,few clouds
529,khasan,RU,42.4308,130.6434,55.89,98,100,8.93,overcast clouds
530,san anselmo,US,37.9747,-122.5616,77.14,76,0,23.02,clear sky
531,kotelnikovo,RU,47.6317,43.1461,67.5,53,5,11.83,clear sky
532,tupik,RU,54.4253,119.9327,55.65,92,100,4.76,light rain
533,pombia,IT,45.653,8.6336,73.22,66,0,2.3,clear sky
534,hualmay,PE,-11.0964,-77.6139,63.95,78,27,11.81,scattered clouds
535,chake chake,TZ,-5.2459,39.7666,75.31,78,47,9.13,scattered clouds
536,sakakah,SA,29.9697,40.2064,90.97,26,0,10.6,clear sky
537,bail hongal,IN,15.8167,74.8667,71.65,84,91,12.8,overcast clouds
538,starkville,US,33.4504,-88.8184,93.67,62,20,4.61,few clouds
539,bilma,NE,18.6853,12.9164,92.03,11,10,6.46,clear sky
540,suntar,RU,62.1444,117.6319,60.24,55,22,5.99,few clouds
541,tanah merah,MY,5.8,102.15,78.62,95,99,1.74,overcast clouds
542,marsa matruh,EG,31.3525,27.2453,71.8,73,20,6.91,few clouds
543,belyy yar,RU,53.6039,91.3903,62.49,100,100,0.0,overcast clouds
544,tilichiki,RU,60.4667,166.1,49.41,55,52,0.96,broken clouds
545,ugra,RU,54.7777,34.3267,56.26,96,8,1.45,clear sky
546,atar,MR,20.5169,-13.0499,96.31,9,9,7.47,clear sky
547,skjervoy,NO,70.0311,20.9714,44.6,79,97,5.5,overcast clouds
548,richards bay,ZA,-28.783,32.0377,59.34,66,0,8.9,clear sky
549,evensk,RU,61.95,159.2333,44.1,82,100,5.86,light rain
550,khatra,IN,22.9833,86.85,86.47,50,61,9.15,broken clouds
551,vao,NC,-22.6667,167.4833,71.33,75,100,8.86,overcast clouds
552,juneau,US,58.3019,-134.4197,52.21,88,100,6.91,light rain
553,khani,GE,41.9563,42.9566,56.77,76,84,5.82,broken clouds
554,mezen,RU,65.8522,44.24,54.43,64,100,9.73,overcast clouds
555,ewa beach,US,21.3156,-158.0072,85.98,56,40,17.27,scattered clouds
556,semey,KZ,50.4111,80.2275,71.82,53,0,4.47,clear sky
557,xiamen,CN,24.4798,118.0819,77.25,100,100,2.24,mist
558,bud,US,39.447,-86.1758,82.42,77,68,4.47,broken clouds
559,visnes,NO,59.3556,5.2242,51.85,82,20,14.97,few clouds
560,auki,SB,-8.7676,160.7034,85.05,61,12,2.33,few clouds
561,hazorasp,UZ,41.3194,61.0742,64.24,21,31,3.13,scattered clouds
562,anadyr,RU,64.75,177.4833,55.9,44,0,4.47,clear sky
563,miles city,US,46.4083,-105.8406,63.57,82,100,12.66,overcast clouds
564,sosnovo-ozerskoye,RU,52.5249,111.5418,59.67,53,35,2.35,scattered clouds
565,cutro,IT,39.0353,16.9819,70.65,54,0,5.46,clear sky
566,dhidhdhoo,MV,6.8833,73.1,82.87,71,100,6.29,overcast clouds
567,cayenne,GF,4.9333,-52.3333,81.09,1,0,1.14,clear sky
568,marrakesh,MA,31.6315,-8.0083,84.27,51,40,4.61,scattered clouds
569,markova,UA,48.6758,24.4138,54.43,89,43,3.69,scattered clouds
570,hobyo,SO,5.3505,48.5268,78.44,80,99,24.27,overcast clouds
571,gillette,US,44.2911,-105.5022,63.52,77,40,18.41,scattered clouds
572,sandwick,GB,60.0,-1.25,51.62,87,75,20.71,broken clouds
573,koslan,RU,63.4564,48.8989,45.81,62,75,3.11,broken clouds
574,mayya,RU,61.7333,130.2811,60.12,58,50,5.19,scattered clouds
575,inuvik,CA,68.3499,-133.7218,47.16,68,100,11.5,overcast clouds
576,zhezkazgan,KZ,47.8043,67.7144,69.48,40,46,9.04,scattered clouds
577,lasa,IT,46.6166,10.7002,65.28,63,1,2.93,clear sky
578,derzhavinsk,KZ,51.1,66.3167,61.74,76,55,7.14,broken clouds
579,tashla,RU,51.7716,52.7427,47.8,90,22,7.4,few clouds
580,valley city,US,46.9233,-98.0032,79.32,61,0,4.61,clear sky
581,alugan,PH,12.2188,125.4808,83.08,77,86,5.48,overcast clouds
582,sibolga,ID,1.7427,98.7792,75.58,84,100,3.18,overcast clouds
583,namibe,AO,-15.1961,12.1522,67.41,63,0,6.42,clear sky
584,fougeres,FR,48.35,-1.2,55.26,95,1,6.06,clear sky
585,bose,IT,45.4612,8.0137,72.99,79,46,5.44,light rain
586,asau,RO,46.4333,26.4,63.52,93,54,5.5,broken clouds
587,alappuzha,IN,9.49,76.3264,79.2,80,100,5.46,overcast clouds
588,samfya,ZM,-11.3649,29.5565,53.74,76,0,5.55,clear sky
589,bobo dioulasso,BF,11.1771,-4.2979,73.85,100,20,3.44,few clouds
590,moree,AU,-29.4667,149.85,50.31,64,95,6.89,overcast clouds
591,boca do acre,BR,-8.7522,-67.3978,65.82,77,46,2.91,scattered clouds
592,kholodnyy,RU,62.7167,147.95,55.56,43,2,0.89,clear sky
593,langsa,ID,4.4683,97.9683,73.51,93,100,2.53,overcast clouds
594,gazojak,TM,41.1875,61.4036,75.0,20,16,4.27,few clouds
595,mbamba,NG,9.9833,13.1,74.68,81,87,3.4,overcast clouds
596,pacific grove,US,36.6177,-121.9166,74.39,80,100,13.8,overcast clouds
597,rafsanjan,IR,30.4067,55.9939,81.05,21,35,7.11,scattered clouds
598,port-cartier,CA,50.0334,-66.8654,59.22,76,76,4.92,broken clouds
599,klimovo,RU,52.3805,32.1923,58.59,96,2,6.91,clear sky
600,san quintin,MX,30.4833,-115.95,71.13,71,1,12.97,clear sky
601,clarksburg,US,39.2807,-80.3445,79.25,83,100,3.44,overcast clouds
602,bandarban,BD,22.1965,92.2262,78.12,86,66,2.71,broken clouds
603,morris,US,40.8334,-74.5329,70.25,87,96,4.0,overcast clouds
604,alofi,NU,-19.0595,-169.9187,82.29,74,4,13.8,clear sky
605,trairi,BR,-3.2778,-39.2689,75.96,84,54,5.99,broken clouds
606,kaeo,NZ,-35.1,173.7833,57.43,72,55,21.12,broken clouds
607,nioro,GM,13.35,-15.75,79.63,70,32,9.33,scattered clouds
608,nortelandia,BR,-14.4547,-56.8028,61.38,77,87,3.96,overcast clouds
609,siteki,SZ,-26.45,31.95,68.0,52,0,14.97,clear sky
610,puerto colombia,CO,10.9878,-74.9547,77.09,78,96,8.32,overcast clouds
611,wagga wagga,AU,-35.1167,147.3667,48.61,93,100,3.44,overcast clouds
612,tabou,CI,4.423,-7.3528,77.49,79,95,8.37,overcast clouds
613,hojai,IN,26.0,92.8667,76.84,90,67,3.56,broken clouds
614,mogadishu,SO,2.0371,45.3438,78.48,82,85,19.93,light rain
615,wangqing,CN,43.3218,129.7634,56.52,97,100,4.76,light rain
616,poum,NC,-20.2333,164.0167,75.88,78,100,10.25,overcast clouds
617,saint-paul,RE,-21.0096,55.2707,73.36,78,43,2.24,scattered clouds
618,kathmandu,NP,27.7167,85.3167,68.22,88,75,4.61,mist
619,greytown,ZA,-29.0642,30.5928,44.11,51,2,3.58,clear sky
620,mareeba,AU,-17.0,145.4333,71.47,75,20,3.78,few clouds
621,bara,NG,10.3744,10.7288,77.56,74,77,9.06,broken clouds
622,mingyue,CN,43.1069,128.9217,57.07,93,100,6.38,overcast clouds
623,le port,RE,-20.9373,55.2919,73.26,73,46,5.3,scattered clouds
624,kiunga,PG,-6.1219,141.2906,76.44,93,100,2.66,overcast clouds
625,parrita,CR,9.5201,-84.3225,74.79,92,100,4.09,overcast clouds
626,cruzeiro do sul,BR,-29.5128,-51.9853,48.52,84,0,3.67,clear sky
627,labuhan,ID,-6.8844,112.2051,78.93,86,98,5.64,overcast clouds
628,tadine,NC,-21.55,167.8833,76.39,80,95,5.21,overcast clouds
629,mount isa,AU,-20.7333,139.5,58.77,44,0,10.36,clear sky
630,chadan,RU,51.2833,91.5833,65.08,67,87,0.63,overcast clouds
631,calbuco,CL,-41.768,-73.1273,49.21,75,100,18.54,overcast clouds
632,bakchar,RU,57.0186,82.0711,62.82,81,19,6.89,few clouds
633,gimli,CA,50.6336,-96.9907,59.02,94,99,18.41,overcast clouds
634,tianpeng,CN,30.9866,103.9393,70.27,74,100,3.36,overcast clouds
635,falam,MM,22.9167,93.6833,63.03,91,97,3.42,overcast clouds
636,nikki,BJ,9.9401,3.2108,76.39,71,42,5.46,scattered clouds
637,winslow,US,35.0242,-110.6974,96.98,9,0,20.71,clear sky
638,grobina,LV,56.5352,21.1678,58.78,77,0,1.14,clear sky
639,maceio,BR,-9.6658,-35.7353,74.64,88,20,1.14,few clouds
640,ponta delgada,PT,37.7333,-25.6667,64.51,88,20,10.36,light rain
641,thinadhoo,MV,0.5333,72.9333,84.16,72,100,7.65,overcast clouds
642,nelson bay,AU,-32.7167,152.15,59.0,68,4,3.0,clear sky
643,belogorsk,RU,50.9158,128.4611,68.72,71,100,12.3,overcast clouds
644,male,MV,4.1748,73.5089,82.35,83,75,8.05,broken clouds
645,alakurtti,RU,66.9672,30.3491,51.87,86,100,2.35,overcast clouds
646,matagami,CA,49.7502,-77.6328,57.31,88,100,2.3,overcast clouds
647,soller,ES,39.7662,2.7152,75.85,82,19,2.73,few clouds
648,kangaatsiaq,GL,68.3065,-53.4641,33.22,76,100,25.26,overcast clouds
649,kalianget,ID,-7.05,113.9333,82.2,78,67,9.01,broken clouds
650,saint-augustin,CA,51.226,-58.6502,55.58,70,77,4.92,broken clouds
651,mastic beach,US,40.7668,-72.8521,71.71,89,75,6.91,broken clouds
652,tyubuk,RU,56.0552,60.9405,46.53,95,100,10.31,light rain
653,natal,BR,-5.795,-35.2094,79.02,89,20,4.61,few clouds
654,iisalmi,FI,63.5592,27.1907,47.46,95,30,4.09,scattered clouds
655,staryy nadym,RU,65.6118,72.6842,47.52,84,86,23.96,light rain
656,jatai,BR,-17.8814,-51.7144,56.93,46,99,5.53,overcast clouds
657,sokoni,TZ,-6.4333,39.55,77.83,77,74,16.53,light rain
658,sechura,PE,-5.5569,-80.8222,66.51,72,31,17.34,scattered clouds
659,necochea,AR,-38.5473,-58.7368,49.48,58,88,9.4,overcast clouds
660,goure,NE,13.9835,10.2704,89.02,40,49,7.7,scattered clouds
661,sur,OM,22.5667,59.5289,81.48,84,2,11.01,clear sky
662,gornyy,RU,55.1153,83.9059,62.31,80,94,6.64,overcast clouds
663,nevsehir,TR,38.9167,34.6667,60.01,72,40,5.75,scattered clouds
664,jamame,SO,0.0722,42.7506,76.59,79,46,9.57,scattered clouds
665,lebanon,US,36.2081,-86.2911,89.65,67,92,7.87,overcast clouds
666,port hedland,AU,-20.3167,118.5667,66.25,45,40,8.05,scattered clouds
667,sumbe,AO,-11.2061,13.8437,71.13,71,10,6.49,clear sky
668,neiafu,TO,-18.65,-173.9833,83.08,78,20,9.22,few clouds
669,abha,SA,18.2164,42.5053,68.25,46,0,5.75,clear sky
670,usinsk,RU,65.9939,57.5281,41.94,56,0,9.57,clear sky
671,wladyslawowo,PL,54.7909,18.4009,58.01,79,87,8.19,overcast clouds
672,trelew,AR,-43.249,-65.3051,57.27,22,98,7.74,overcast clouds
673,czersk,PL,53.7959,17.9765,50.47,92,98,1.86,overcast clouds
674,lander,US,42.833,-108.7307,90.41,17,0,16.11,clear sky
675,adrar,MR,20.5022,-10.0711,91.56,18,2,11.54,clear sky
676,urusha,RU,54.05,122.9,56.82,95,100,0.89,overcast clouds
677,grand gaube,MU,-20.0064,57.6608,70.2,86,84,7.0,moderate rain
678,santa vitoria do palmar,BR,-33.5189,-53.3681,47.62,92,1,6.51,clear sky
679,samarinda,ID,-0.5,117.15,76.35,91,81,0.69,light rain
680,tobermory,CA,45.2501,-81.6665,50.41,81,35,9.44,scattered clouds
681,east liverpool,US,40.6187,-80.5773,77.2,75,57,1.99,broken clouds
682,villa carlos paz,AR,-31.4241,-64.4978,59.4,35,6,3.0,clear sky
683,hienghene,NC,-20.6833,164.9333,76.32,74,100,3.6,overcast clouds
684,kaseda,JP,31.4167,130.3167,68.77,90,100,13.76,light rain
685,berdigestyakh,RU,62.0989,126.6992,58.93,53,11,7.2,few clouds
686,sorland,NO,67.667,12.6934,49.86,92,100,13.31,overcast clouds
687,oktyabrskoye,RU,43.0645,44.7417,62.74,82,99,4.47,overcast clouds
688,kassala,SD,15.451,36.4,89.8,38,12,12.33,few clouds
689,ardmore,US,34.1743,-97.1436,97.47,56,0,9.22,clear sky
690,calama,CL,-22.4667,-68.9333,54.09,9,0,10.36,clear sky
691,saint-francois,FR,46.4154,3.9054,65.64,82,0,2.3,clear sky
692,isla mujeres,MX,21.2311,-86.731,86.16,81,5,10.27,clear sky
693,mapiripan,CO,2.8892,-72.1256,69.67,97,99,3.58,overcast clouds
694,el cobre,CU,20.0489,-75.9469,78.04,84,63,3.91,broken clouds
695,pitimbu,BR,-7.4706,-34.8086,75.79,80,6,7.43,clear sky
696,krasnyy chikoy,RU,50.3643,108.7512,61.56,48,37,1.7,scattered clouds
697,zhigansk,RU,66.7697,123.3711,50.68,92,100,3.24,light rain
698,kenderes,HU,47.25,20.6833,64.42,62,0,7.61,clear sky
699,whitianga,NZ,-36.8333,175.7,55.11,78,57,23.4,broken clouds
700,pulivendla,IN,14.4167,78.2333,81.46,56,90,11.05,light rain
701,tazovskiy,RU,67.4667,78.7,55.24,86,99,10.09,moderate rain
702,puerto baquerizo moreno,EC,-0.9,-89.6,71.08,83,77,11.18,broken clouds
703,arman,RU,59.7,150.1667,50.02,78,30,5.99,scattered clouds
704,okhotsk,RU,59.3833,143.3,44.62,86,100,6.4,overcast clouds
705,majene,ID,-3.5403,118.9707,77.41,91,100,7.07,overcast clouds
